Employee_ID,Employee_Name,Email_ID,DOB,Salary
8775,Julia arvind,williammiller@example.net,1972-10-14,85646
5407,Aaron Weber,ebarnett@example.com,1967-03-23,92842
9669,Holly Morgan,pweaver@example.net,1974-11-10,110928
6730,Kenneth Gonzalez,poncetheresa@example.net,1981-02-01,78471
3336,Sabrina Maldonado,michael56@example.net,1983-08-13,95107
7252,Anita Ellison,daniel35@example.com,1987-08-30,64292
1177,Mary Walker,shilpawilliam82@example.org,1992-06-28,93439
7139,Jessica Wallace DDS,bcarson@example.org,1979-02-27,116602
8905,Kimberly Macias,walkerronald@example.com,1978-07-19,98727
5490,Vanessa aarav Blackwell,kelseygarcia@example.net,1977-06-06,66217
